customer_id,full_name,gender,birth_date,city,segment,registration_date
1,Аким Елизарович Николаев,M,1970-11-11,Екатеринбург,Premium,2022-02-21
2,Орлов Трифон Афанасьевич,M,1995-11-09,Уфа,Premium,2022-10-13
3,Новиков Вадим Григорьевич,M,1971-07-04,Москва,Retail,2025-04-24
4,Александр Герасимович Терентьев,M,1999-11-24,Ростов-на-Дону,Retail,2023-03-24
5,Панкрат Гурьевич Третьяков,M,1995-10-10,Уфа,Retail,2025-02-23
6,Беспалова Агата Валериевна,F,2003-03-08,Казань,Retail,2023-03-28
7,Матвеев Герман Григорьевич,M,2007-08-18,Нижний Новгород,Premium,2022-11-23
8,Тарасова Марина Болеславовна,F,1980-02-07,Нижний Новгород,Retail,2022-11-15
9,Эрнест Евсеевич Константинов,M,1958-08-18,Нижний Новгород,Retail,2022-07-09
10,Синклитикия Васильевна Турова,F,1981-06-07,Москва,Retail,2025-05-21
11,Анисимова Юлия Михайловна,F,1994-12-18,Челябинск,Retail,2025-01-03
12,Виноградов Аникита Давыдович,M,1975-05-14,Ростов-на-Дону,Retail,2025-02-04
13,г-жа Князева Антонина Мироновна,F,1974-08-04,Санкт-Петербург,Retail,2025-03-28
14,Щукин Михаил Владиславович,M,1980-11-11,Казань,Retail,2025-09-16
15,Агафонов Карл Артёмович,M,1997-02-15,Челябинск,Business,2023-04-22
16,Синклитикия Ефимовна Сорокина,F,1987-02-17,Нижний Новгород,Retail,2024-07-17
17,Стрелков Федосий Гурьевич,M,2002-04-06,Казань,Retail,2024-01-29
18,Комиссаров Аполлон Давыдович,M,1957-11-09,Уфа,Retail,2025-06-01
19,Олег Евстигнеевич Голубев,M,1970-01-12,Казань,Retail,2022-12-01
20,Ферапонт Жанович Соболев,M,2000-04-11,Москва,Retail,2025-11-03
21,Ратмир Викторович Белоусов,M,1965-03-05,Челябинск,Premium,2022-03-07
22,Шилова Синклитикия Захаровна,F,2006-07-05,Ростов-на-Дону,Retail,2022-05-16
23,Фаина Ниловна Денисова,F,1970-08-07,Челябинск,Premium,2023-03-12
24,г-жа Панфилова Полина Богдановна,F,2007-02-08,Екатеринбург,Retail,2022-10-20
25,Макарова Виктория Валериевна,F,2001-12-24,Ростов-на-Дону,Retail,2025-04-12
26,Голубева Мария Мироновна,F,1996-03-22,Новосибирск,Retail,2024-01-12
27,тов. Лыткина Таисия Андреевна,F,2001-12-19,Санкт-Петербург,Premium,2022-07-06
28,Терентий Евстигнеевич Комиссаров,M,1999-04-17,Челябинск,Retail,2025-07-09
29,Анисимов Платон Владиленович,M,1986-07-20,Самара,Retail,2024-02-28
30,Молчанова Иванна Сергеевна,F,2007-07-11,Москва,Business,2025-02-07
31,Сысоев Вацлав Ефимович,M,1999-02-26,Казань,Business,2025-10-28
32,Евпраксия Владиславовна Давыдова,F,2007-07-25,Новосибирск,Retail,2022-08-17
33,Пестова Светлана Александровна,F,1996-06-06,Казань,Business,2022-01-07
34,Соколов Вениамин Иосипович,M,1976-08-07,Казань,Business,2024-11-05
35,Журавлев Ферапонт Артурович,M,1961-07-02,Новосибирск,Retail,2022-11-10
36,Архип Валерьянович Гусев,M,2000-07-27,Москва,Retail,2025-05-11
37,Хохлов Григорий Евсеевич,M,1991-08-01,Казань,Business,2024-01-14
38,Панфил Гордеевич Гущин,M,1992-05-16,Ростов-на-Дону,Retail,2022-04-29
39,Евстигней Ефстафьевич Власов,M,2001-05-19,Санкт-Петербург,Premium,2022-06-25
40,Порфирий Ярославович Савельев,M,1963-11-28,Уфа,Premium,2022-09-20
41,Голубев Мартьян Адамович,M,1995-09-16,Ростов-на-Дону,Retail,2023-06-27
42,Феврония Дмитриевна Иванова,F,1960-07-03,Екатеринбург,Business,2023-03-10
43,Анастасия Евгеньевна Виноградова,F,1957-10-23,Нижний Новгород,Business,2024-03-28
44,Анжела Степановна Фролова,F,1974-08-16,Екатеринбург,Retail,2024-11-25
45,Ермил Васильевич Владимиров,M,1994-07-14,Ростов-на-Дону,Retail,2022-05-12
46,Илья Харламович Константинов,M,1983-05-17,Санкт-Петербург,Retail,2025-04-20
47,Белов Петр Ильич,M,1984-07-01,Москва,Retail,2023-04-14
48,Князева Алла Болеславовна,F,1959-10-19,Казань,Retail,2022-05-26
49,Ширяева Валентина Ефимовна,F,1968-09-16,Ростов-на-Дону,Retail,2023-03-15
50,Третьякова Вера Олеговна,F,1968-02-28,Челябинск,Premium,2023-05-13
51,Крылов Афиноген Феофанович,M,1993-02-14,Челябинск,Retail,2022-07-13
52,Кулагина София Андреевна,F,1962-01-08,Москва,Retail,2024-05-17
53,Изот Владленович Исаков,M,1988-09-20,Нижний Новгород,Retail,2022-05-05
54,Князев Олег Ануфриевич,M,1966-11-17,Уфа,Retail,2023-05-25
55,Колесникова Иванна Робертовна,F,1975-01-31,Казань,Retail,2022-10-15
56,Кондратьева Тамара Рудольфовна,F,1966-03-17,Санкт-Петербург,Business,2023-05-27
57,Рябова Анастасия Харитоновна,F,2005-09-27,Уфа,Retail,2025-02-01
58,Лонгин Антонович Васильев,M,1995-06-05,Екатеринбург,Business,2022-07-11
59,Русаков Тарас Владиленович,M,1959-07-18,Екатеринбург,Retail,2024-04-12
60,Анжелика Геннадиевна Виноградова,F,1996-03-01,Москва,Retail,2022-05-01
61,Самойлова Жанна Ниловна,F,1963-10-31,Самара,Business,2023-06-28
62,Татьяна Ефимовна Савина,F,1996-02-17,Уфа,Premium,2024-05-16
63,Федорова Наина Харитоновна,F,1994-02-19,Екатеринбург,Retail,2022-11-14
64,Казимир Гертрудович Агафонов,M,2004-05-30,Москва,Premium,2025-04-01
65,Белоусова Марфа Владимировна,F,2001-05-19,Самара,Retail,2022-04-28
66,Ратмир Жанович Гущин,M,2006-11-02,Санкт-Петербург,Business,2022-04-27
67,Авксентий Фокич Ефремов,M,1993-12-26,Екатеринбург,Retail,2022-05-21
68,г-жа Белякова Екатерина Сергеевна,F,1973-09-20,Ростов-на-Дону,Business,2022-09-03
69,Шестаков Архип Демьянович,M,1980-10-26,Ростов-на-Дону,Retail,2025-03-31
70,Быков Тихон Ефимьевич,M,1997-04-19,Ростов-на-Дону,Premium,2024-05-08
71,г-жа Харитонова Таисия Кузьминична,F,2000-10-25,Нижний Новгород,Retail,2023-06-19
72,Шашков Всеволод Евсеевич,M,1963-07-12,Казань,Retail,2023-06-28
73,Таисия Владиславовна Дорофеева,F,1974-11-06,Санкт-Петербург,Business,2023-10-10
74,Мефодий Гертрудович Зимин,M,1998-11-01,Ростов-на-Дону,Retail,2024-07-27
75,Силантий Эдгардович Максимов,M,1959-02-17,Уфа,Retail,2022-05-31
76,Родионова Ирина Аскольдовна,F,1955-12-01,Санкт-Петербург,Business,2022-09-29
77,Титов Каллистрат Владиславович,M,2006-02-11,Самара,Retail,2024-01-27
78,Крюкова Наталья Федоровна,F,1956-05-01,Уфа,Business,2025-06-06
79,Фокин Геннадий Алексеевич,M,1980-10-18,Казань,Premium,2025-09-29
80,Гедеон Феликсович Гусев,M,1958-07-09,Санкт-Петербург,Retail,2022-10-03
81,Мясников Андрон Ильясович,M,1969-12-20,Екатеринбург,Retail,2023-07-12
82,Валентина Матвеевна Гуляева,F,1993-10-09,Казань,Premium,2023-02-21
83,Надежда Яковлевна Дементьева,F,1966-03-11,Москва,Business,2023-05-30
84,Изот Владиславович Туров,M,1967-09-21,Казань,Retail,2025-07-23
85,Аким Вячеславович Зиновьев,M,1978-04-12,Новосибирск,Retail,2022-01-08
86,Надежда Ефимовна Федотова,F,1966-07-04,Уфа,Premium,2022-11-27
87,Валентина Мироновна Уварова,F,1958-04-23,Санкт-Петербург,Retail,2025-02-22
88,Ефрем Германович Зыков,M,1986-12-30,Нижний Новгород,Retail,2025-01-22
89,Бирюков Зосима Давидович,M,1957-04-14,Казань,Retail,2024-05-30
90,Милица Леоновна Матвеева,F,1960-05-25,Екатеринбург,Business,2022-03-23
91,Клавдий Иларионович Носков,M,1990-05-04,Уфа,Retail,2025-09-27
92,Одинцова Синклитикия Леоновна,F,1957-07-21,Екатеринбург,Premium,2025-06-25
93,Лыткин Казимир Вячеславович,M,1995-03-08,Москва,Business,2022-12-29
94,Капитон Алексеевич Киселев,M,1996-04-08,Челябинск,Premium,2023-11-12
95,Артемьев Лонгин Феодосьевич,M,1996-12-04,Санкт-Петербург,Retail,2023-07-01
96,г-жа Блинова Ульяна Георгиевна,F,1973-01-03,Екатеринбург,Business,2022-03-21
97,Кудряшов Август Герасимович,M,1980-06-16,Екатеринбург,Retail,2024-07-31
98,Блохин Максимильян Жанович,M,2000-10-25,Челябинск,Premium,2022-02-18
99,Клавдия Сергеевна Никифорова,F,2001-01-20,Казань,Business,2023-07-25
100,Маслова Кира Тимуровна,F,1964-05-02,Уфа,Retail,2025-08-06
101,Харитонова Марина Вячеславовна,F,1997-07-23,Казань,Retail,2022-02-26
102,Онуфрий Ааронович Антонов,M,1975-03-14,Казань,Business,2025-04-04
103,Устинов Фока Захарьевич,M,1987-04-26,Нижний Новгород,Retail,2022-08-11
104,Муравьева Екатерина Степановна,F,1987-11-16,Уфа,Retail,2024-06-12
105,Давыд Архипович Бобров,M,1990-10-01,Екатеринбург,Business,2024-02-28
106,Юлия Леоновна Тарасова,F,2006-10-15,Москва,Premium,2022-04-01
107,Никифоров Зиновий Герасимович,M,1965-09-13,Нижний Новгород,Retail,2024-01-16
108,Николаева Олимпиада Юрьевна,F,1960-08-18,Казань,Premium,2025-09-20
109,Доронина Ульяна Георгиевна,F,2004-07-22,Челябинск,Retail,2025-09-27
110,Полина Ниловна Николаева,F,1965-09-18,Челябинск,Retail,2025-02-09
111,Агата Борисовна Гуляева,F,1984-08-09,Новосибирск,Premium,2025-10-19
112,Брагина Регина Рубеновна,F,1959-02-03,Москва,Retail,2024-04-11
113,Варвара Робертовна Кузьмина,F,1987-04-17,Ростов-на-Дону,Retail,2023-08-11
114,Тамара Эльдаровна Филиппова,F,2007-01-25,Екатеринбург,Retail,2024-08-10
115,Эмилия Сергеевна Котова,F,1992-12-15,Казань,Premium,2022-12-14
116,Яковлева Олимпиада Петровна,F,1973-04-24,Екатеринбург,Premium,2022-07-11
117,Ирина Семеновна Мартынова,F,1998-04-28,Новосибирск,Premium,2023-04-06
118,Быков Бажен Ермилович,M,1971-08-19,Самара,Retail,2022-04-05
119,Филиппов Тимур Артурович,M,1965-02-02,Ростов-на-Дону,Retail,2024-07-21
120,Блинов Герасим Гордеевич,M,1960-01-17,Челябинск,Retail,2025-11-27
121,Суханов Тит Фролович,M,1983-12-20,Москва,Premium,2022-10-30
122,Щукин Пантелеймон Терентьевич,M,1995-06-03,Уфа,Retail,2024-05-20
123,Акулина Филипповна Щербакова,F,1988-02-18,Санкт-Петербург,Retail,2022-04-13
124,Казакова Клавдия Натановна,F,1984-03-09,Уфа,Premium,2022-10-01
125,София Юльевна Самсонова,F,1970-09-06,Уфа,Retail,2024-06-25
126,Дорофеева Нина Рудольфовна,F,1957-08-25,Новосибирск,Retail,2025-01-27
127,Агафонова Милица Викторовна,F,1987-06-25,Екатеринбург,Retail,2024-07-10
128,Юлия Тарасовна Козлова,F,1982-06-27,Екатеринбург,Retail,2024-12-03
129,Алевтина Артемовна Носкова,F,1984-11-03,Казань,Retail,2024-06-19
130,Суворов Добромысл Анисимович,M,1973-05-18,Уфа,Retail,2023-07-11
131,Соболев Радован Зиновьевич,M,1978-08-22,Челябинск,Retail,2022-10-11
132,Натан Елисеевич Ситников,M,1984-05-12,Челябинск,Retail,2025-12-17
133,Федорова Олимпиада Архиповна,F,2006-08-24,Челябинск,Retail,2023-11-09
134,Милий Давидович Кулагин,M,1960-05-05,Челябинск,Premium,2023-02-28
135,Андрон Аксёнович Селиверстов,M,1972-07-02,Москва,Retail,2025-03-25
136,Лебедева Юлия Владиславовна,F,1971-11-28,Челябинск,Premium,2023-09-04
137,Агафонов Викентий Григорьевич,M,1987-04-27,Челябинск,Retail,2024-09-26
138,Маргарита Викторовна Кошелева,F,1996-12-30,Челябинск,Retail,2022-03-01
139,Викентий Владиславович Силин,M,1976-11-02,Ростов-на-Дону,Business,2024-08-15
140,Козлов Леонтий Матвеевич,M,1982-08-31,Москва,Retail,2024-03-17
141,Евстафий Артемьевич Капустин,M,2002-09-02,Самара,Retail,2025-08-09
142,Илья Бориславович Игнатов,M,1976-03-12,Нижний Новгород,Retail,2022-04-13
143,Эмиль Валерианович Евсеев,M,1994-03-09,Челябинск,Retail,2024-07-20
144,Любовь Тарасовна Котова,F,2000-09-09,Санкт-Петербург,Retail,2024-05-13
145,Селезнева Лукия Андреевна,F,1984-04-04,Москва,Premium,2022-02-09
146,Валентина Оскаровна Кондратьева,F,1980-04-27,Москва,Premium,2023-04-05
147,Родион Витальевич Кудряшов,M,1967-08-29,Москва,Retail,2023-05-22
148,Касьян Харлампьевич Абрамов,M,1985-04-25,Санкт-Петербург,Retail,2023-05-04
149,Христофор Евстигнеевич Марков,M,1972-05-18,Нижний Новгород,Premium,2024-08-10
150,Боян Елисеевич Бобылев,M,1986-05-08,Санкт-Петербург,Retail,2025-05-25
151,Суворов Филарет Тарасович,M,1978-07-26,Москва,Retail,2023-09-30
152,Якушева Лидия Геннадиевна,F,1988-11-07,Челябинск,Premium,2025-03-25
153,Лаврентьева Иванна Львовна,F,1974-09-14,Екатеринбург,Retail,2023-02-11
154,Кирилл Августович Михеев,M,1968-09-03,Ростов-на-Дону,Premium,2025-11-28
155,Молчанов Орест Эдгардович,M,1993-06-14,Нижний Новгород,Premium,2025-03-05
156,Олимпиада Рудольфовна Третьякова,F,1956-11-05,Уфа,Retail,2025-09-16
157,Полякова Милица Ефимовна,F,1976-07-05,Самара,Premium,2022-01-26
158,Модест Харламович Жданов,M,1991-10-21,Самара,Business,2024-06-06
159,Кононов Ульян Игнатович,M,1979-08-13,Уфа,Retail,2024-06-10
160,Ираида Константиновна Максимова,F,1971-05-13,Уфа,Premium,2025-06-15
161,Григорьева Лариса Васильевна,F,2006-03-24,Ростов-на-Дону,Retail,2024-08-10
162,Евгения Георгиевна Рябова,F,2005-12-08,Санкт-Петербург,Business,2023-10-23
163,Владимирова Феврония Станиславовна,F,1996-04-14,Самара,Retail,2024-07-12
164,Комарова Евдокия Кирилловна,F,1971-02-26,Нижний Новгород,Retail,2023-11-20
165,Антонов Агафон Валерьянович,M,1974-05-05,Казань,Retail,2024-09-25
166,Зайцева Таисия Кирилловна,F,2003-02-18,Казань,Business,2023-07-27
167,Селиверст Бориславович Уваров,M,1956-07-04,Санкт-Петербург,Business,2024-11-24
168,Рюрик Харлампович Быков,M,1978-11-10,Екатеринбург,Retail,2024-04-12
169,Зайцева Зоя Романовна,F,1963-06-09,Самара,Premium,2025-08-15
170,Олег Эдгардович Богданов,M,1994-12-09,Челябинск,Retail,2022-07-10
171,Аполлинарий Вилорович Алексеев,M,1993-12-22,Нижний Новгород,Premium,2023-09-20
172,Анжелика Ефимовна Ковалева,F,1993-08-25,Челябинск,Retail,2025-02-07
173,Элеонора Эльдаровна Вишнякова,F,1997-10-03,Казань,Premium,2023-12-22
174,Галкина Марина Петровна,F,1985-10-19,Екатеринбург,Retail,2023-05-30
175,Сафонова Наталья Константиновна,F,1994-05-15,Новосибирск,Premium,2022-09-02
176,Юлиан Бориславович Блохин,M,2007-07-30,Казань,Premium,2023-03-20
177,Соболева Иванна Артемовна,F,1966-05-12,Казань,Premium,2022-07-25
178,Жданов Афиноген Владиленович,M,1955-11-09,Москва,Retail,2024-01-10
179,Пахомов Чеслав Харитонович,M,1975-06-30,Москва,Retail,2023-07-16
180,Дмитриева Ия Робертовна,F,1960-07-08,Самара,Business,2025-11-29
181,Капитон Герасимович Родионов,M,1963-06-26,Самара,Retail,2022-01-26
182,Виктория Ивановна Шарапова,F,1965-05-09,Москва,Retail,2024-06-21
183,Сергеева Ксения Эльдаровна,F,2006-08-22,Санкт-Петербург,Retail,2024-09-05
184,Ия Павловна Ильина,F,1987-07-27,Москва,Retail,2024-10-04
185,Олимпий Егорович Овчинников,M,1992-06-02,Казань,Premium,2022-11-02
186,Болеслав Анатольевич Белозеров,M,1985-01-27,Челябинск,Retail,2023-05-24
187,Эрнест Димитриевич Козлов,M,1961-11-20,Самара,Retail,2024-12-06
188,Муравьева Ульяна Эдуардовна,F,1957-01-31,Казань,Business,2025-04-20
189,тов. Игнатьев Андрон Всеволодович,M,1987-09-10,Санкт-Петербург,Business,2025-06-02
190,Пров Елисеевич Королев,M,1995-07-04,Санкт-Петербург,Retail,2025-07-05
191,Авдеев Селиверст Бенедиктович,M,1987-08-29,Санкт-Петербург,Retail,2023-05-07
192,Миронов Любим Бориславович,M,1966-08-14,Ростов-на-Дону,Retail,2022-01-06
193,Шубина Полина Ильинична,F,2000-10-05,Казань,Retail,2023-08-20
194,Таисия Антоновна Панова,F,1961-08-31,Санкт-Петербург,Business,2025-12-10
195,Марков Виктор Трофимович,M,1990-09-10,Ростов-на-Дону,Premium,2023-06-26
196,Август Фомич Тихонов,M,1959-05-13,Екатеринбург,Retail,2024-05-20
197,Денисов Януарий Эдуардович,M,1998-03-26,Санкт-Петербург,Premium,2023-06-29
198,Зайцев Елизар Евстигнеевич,M,1993-01-17,Ростов-на-Дону,Premium,2022-12-06
199,Дмитриева Нинель Рудольфовна,F,1963-12-09,Казань,Retail,2024-06-18
200,Евдокимова Элеонора Егоровна,F,2003-12-22,Самара,Retail,2023-07-12
201,Жданова Агафья Тимуровна,F,1983-06-09,Челябинск,Retail,2022-06-14
202,Одинцова Валерия Рубеновна,F,1963-09-01,Санкт-Петербург,Retail,2025-05-21
203,Герасим Эдуардович Тетерин,M,2004-06-09,Ростов-на-Дону,Premium,2025-10-12
204,Крюков Ким Фёдорович,M,1988-07-04,Ростов-на-Дону,Premium,2025-10-08
205,г-н Панов Устин Виленович,M,1981-10-11,Самара,Retail,2022-12-25
206,Моисеева Раиса Валентиновна,F,1960-06-04,Челябинск,Business,2023-01-07
207,Вишнякова Наина Львовна,F,1990-03-23,Челябинск,Retail,2022-07-06
208,Смирнова Ия Кузьминична,F,1995-08-13,Новосибирск,Premium,2023-10-20
209,Пелагея Владиславовна Третьякова,F,1992-04-28,Казань,Premium,2024-04-23
210,Миронова Таисия Тимофеевна,F,1981-05-05,Санкт-Петербург,Retail,2025-01-31
211,Маркова Евдокия Егоровна,F,1994-08-02,Челябинск,Retail,2023-06-01
212,Гордеев Остап Андреевич,M,1977-04-29,Самара,Business,2025-09-08
213,Марина Натановна Нестерова,F,2000-01-17,Нижний Новгород,Retail,2022-04-22
214,тов. Силина Александра Владимировна,F,1989-11-08,Москва,Retail,2025-07-04
215,Максимильян Бориславович Уваров,M,1985-08-20,Казань,Retail,2023-07-01
216,Сысоева Оксана Андреевна,F,2004-11-01,Москва,Retail,2025-12-01
217,Беспалов Герман Артемьевич,M,1987-08-16,Уфа,Retail,2025-12-24
218,Капитон Игоревич Ефремов,M,2002-10-24,Екатеринбург,Retail,2025-02-05
219,Федоров Максим Тарасович,M,1977-03-22,Новосибирск,Business,2024-08-03
220,Пелагея Тимофеевна Петрова,F,1997-09-10,Казань,Retail,2023-08-21
221,Евдокимова Ия Евгеньевна,F,2006-06-28,Екатеринбург,Business,2024-09-15
222,Комарова Антонина Павловна,F,1966-12-30,Екатеринбург,Retail,2025-02-02
223,Алексей Андреевич Большаков,M,1959-06-29,Челябинск,Retail,2022-05-23
224,Давыдова Нина Вениаминовна,F,1972-04-16,Москва,Retail,2024-11-05
225,Татьяна Геннадиевна Романова,F,1967-08-03,Ростов-на-Дону,Premium,2023-09-04
226,Беспалова Марина Яковлевна,F,2002-02-28,Самара,Retail,2022-11-01
227,Сысоева Фаина Вениаминовна,F,1971-06-23,Уфа,Retail,2023-11-12
228,Сидорова Оксана Ждановна,F,2001-01-19,Екатеринбург,Business,2024-07-21
229,Брагин Рубен Ермилович,M,2001-10-14,Челябинск,Retail,2025-03-17
230,Афанасий Феофанович Фокин,M,1979-03-11,Челябинск,Premium,2023-10-14
231,тов. Кабанова Наталья Ждановна,F,1986-10-05,Новосибирск,Premium,2025-09-21
232,Евпраксия Натановна Красильникова,F,1988-07-22,Ростов-на-Дону,Retail,2022-03-17
233,Щербакова Ульяна Матвеевна,F,1994-10-16,Самара,Business,2022-07-25
234,Филатов Лавр Адамович,M,2000-06-19,Москва,Business,2024-12-13
235,Кузнецов Феофан Анисимович,M,1996-12-09,Новосибирск,Business,2024-04-19
236,Конон Давыдович Кошелев,M,1979-08-25,Казань,Premium,2024-08-19
237,Пономарева Юлия Ждановна,F,2001-10-17,Санкт-Петербург,Premium,2025-06-30
238,Вера Болеславовна Лихачева,F,1998-05-16,Челябинск,Business,2025-10-13
239,Ксения Павловна Морозова,F,1995-02-11,Самара,Premium,2025-07-07
240,Титов Будимир Ерофеевич,M,1977-11-27,Казань,Retail,2025-06-18
241,Демид Германович Титов,M,1992-05-19,Санкт-Петербург,Retail,2022-07-05
242,Михей Юлианович Сысоев,M,1974-03-21,Казань,Retail,2024-06-27
243,Исай Харлампьевич Меркушев,M,1975-10-04,Москва,Retail,2022-04-05
244,Лукия Вадимовна Абрамова,F,1960-10-18,Новосибирск,Retail,2024-01-05
245,Меркушев Зиновий Тихонович,M,1993-08-07,Новосибирск,Retail,2024-12-23
246,Вишняков Николай Авдеевич,M,1973-09-02,Челябинск,Retail,2022-12-25
247,Радован Исидорович Муравьев,M,2006-08-23,Новосибирск,Business,2024-10-16
248,Фотий Тарасович Бирюков,M,1999-02-16,Самара,Retail,2024-08-02
249,Валентина Евгеньевна Воронова,F,1957-05-17,Самара,Retail,2025-09-27
250,Тамара Леонидовна Фомичева,F,1997-03-10,Санкт-Петербург,Retail,2025-10-19
251,Голубева Октябрина Кузьминична,F,1999-11-08,Казань,Business,2023-12-09
252,Кудрявцева Алина Антоновна,F,1976-05-21,Казань,Retail,2025-11-14
253,г-н Белов Измаил Венедиктович,M,1982-02-13,Санкт-Петербург,Business,2024-02-27
254,Агафонов Тимур Федосеевич,M,1995-08-23,Ростов-на-Дону,Retail,2024-02-21
255,Виктория Николаевна Лапина,F,1962-05-31,Челябинск,Retail,2025-12-03
256,Эмилия Наумовна Субботина,F,1974-09-16,Москва,Retail,2022-01-17
257,Фомина Екатерина Павловна,F,1985-12-07,Екатеринбург,Premium,2023-08-10
258,Майя Болеславовна Зимина,F,1980-09-02,Ростов-на-Дону,Retail,2023-03-25
259,Людмила Аркадьевна Афанасьева,F,1974-06-13,Новосибирск,Premium,2025-10-20
260,Ильин Радован Бенедиктович,M,2000-10-10,Казань,Retail,2025-07-09
261,Кабанова Фёкла Архиповна,F,1959-02-12,Новосибирск,Retail,2022-03-10
262,Илья Валерьянович Устинов,M,1994-02-03,Челябинск,Retail,2023-08-28
263,Никонов Фадей Глебович,M,1995-07-30,Уфа,Retail,2023-02-16
264,Беспалова Елизавета Леоновна,F,1965-09-18,Казань,Retail,2024-12-23
265,Эдуард Ааронович Егоров,M,1965-07-09,Самара,Business,2023-06-11
266,тов. Лаврентьева Дарья Вадимовна,F,2000-08-28,Самара,Premium,2023-11-25
267,Влас Авдеевич Ефимов,M,1971-11-12,Екатеринбург,Premium,2022-10-16
268,Акулина Вячеславовна Белоусова,F,1959-03-29,Челябинск,Retail,2025-02-15
269,Гаврилов Степан Валентинович,M,2006-06-01,Самара,Retail,2023-06-26
270,Третьякова Майя Степановна,F,1996-01-27,Казань,Premium,2025-10-09
271,Овчинникова Елена Юрьевна,F,1958-08-16,Санкт-Петербург,Business,2025-07-31
272,Спиридон Ефимьевич Рыбаков,M,1999-06-15,Уфа,Retail,2024-08-23
273,Анастасия Романовна Сазонова,F,1983-01-02,Санкт-Петербург,Retail,2025-06-03
274,Киселева Пелагея Павловна,F,1960-09-03,Челябинск,Retail,2025-12-06
275,Любим Виленович Голубев,M,1964-04-05,Москва,Retail,2022-10-14
276,Калашникова Фаина Тимуровна,F,2004-02-19,Екатеринбург,Retail,2024-10-05
277,Кириллов Тарас Ерофеевич,M,1986-07-20,Уфа,Retail,2024-03-06
278,Нина Болеславовна Евсеева,F,2003-06-06,Новосибирск,Premium,2025-04-17
279,Лапина Таисия Даниловна,F,1984-12-09,Самара,Retail,2025-09-03
280,Данилова Надежда Львовна,F,1986-07-14,Нижний Новгород,Retail,2023-07-27
281,Артемьев Валентин Жанович,M,1984-09-18,Екатеринбург,Retail,2024-06-27
282,Сидорова Маргарита Владиславовна,F,2002-05-31,Нижний Новгород,Business,2022-07-23
283,Ангелина Богдановна Никонова,F,1961-06-25,Екатеринбург,Retail,2022-05-05
284,Белов Мокей Васильевич,M,1993-07-14,Екатеринбург,Retail,2024-07-20
285,Пестов Феликс Игнатович,M,2001-04-08,Екатеринбург,Premium,2022-04-14
286,Казаков Панфил Антипович,M,1975-04-01,Уфа,Retail,2025-03-02
287,Милован Бориславович Игнатьев,M,1990-03-15,Екатеринбург,Retail,2025-04-15
288,Прохорова Ольга Дмитриевна,F,1963-01-14,Ростов-на-Дону,Premium,2022-10-30
289,Наумов Модест Валентинович,M,2007-07-27,Новосибирск,Business,2023-07-22
290,Цветков Пахом Адрианович,M,1997-02-11,Новосибирск,Retail,2025-01-11
291,Карл Аксёнович Королев,M,1974-04-09,Новосибирск,Business,2025-09-15
292,Леонид Игоревич Шестаков,M,1956-02-02,Екатеринбург,Premium,2024-01-04
293,Баранова Татьяна Ниловна,F,1960-05-29,Москва,Retail,2022-02-02
294,Калашников Амвросий Бенедиктович,M,2006-06-12,Санкт-Петербург,Retail,2024-05-12
295,Марина Николаевна Панова,F,1978-11-15,Уфа,Premium,2024-07-07
296,Никифоров Любосмысл Архипович,M,1959-04-03,Ростов-на-Дону,Retail,2024-07-14
297,Симонов Ян Анисимович,M,2001-07-15,Самара,Retail,2025-09-11
298,Зуев Парамон Чеславович,M,1996-12-25,Челябинск,Business,2022-05-05
299,Дорофеева Екатерина Степановна,F,1963-06-02,Самара,Retail,2025-11-06
300,Макаров Кондратий Чеславович,M,1991-07-14,Новосибирск,Retail,2022-06-15
301,Аникита Гурьевич Афанасьев,M,1996-06-16,Ростов-на-Дону,Retail,2022-09-16
302,Ершова Клавдия Даниловна,F,1965-01-04,Уфа,Business,2024-02-20
303,Кира Леонидовна Ковалева,F,1956-03-14,Челябинск,Retail,2024-07-18
304,Петр Всеволодович Титов,M,1981-07-19,Уфа,Retail,2025-12-08
305,Иван Юлианович Шилов,M,2001-02-18,Екатеринбург,Retail,2024-05-30
306,Анжела Никифоровна Самойлова,F,2006-03-03,Челябинск,Premium,2023-11-26
307,Соколова Оксана Анатольевна,F,1976-12-23,Нижний Новгород,Retail,2022-07-14
308,Ульяна Ниловна Рогова,F,1999-03-27,Самара,Business,2024-02-06
309,Андреев Онуфрий Адамович,M,1977-10-10,Санкт-Петербург,Premium,2022-07-06
310,Блохина Юлия Робертовна,F,2002-08-08,Нижний Новгород,Premium,2022-07-17
311,Бронислав Феодосьевич Сазонов,M,1962-11-17,Уфа,Retail,2025-02-13
312,Сафонова Милица Станиславовна,F,1961-01-09,Нижний Новгород,Retail,2025-10-04
313,Никифорова Лукия Дмитриевна,F,1978-05-04,Ростов-на-Дону,Business,2022-04-16
314,Анжела Степановна Калашникова,F,1963-06-08,Уфа,Retail,2023-12-22
315,Евлампий Иларионович Шестаков,M,2005-03-04,Екатеринбург,Premium,2022-11-13
316,Гедеон Данилович Орлов,M,1965-08-21,Нижний Новгород,Premium,2023-12-19
317,Захаров Эраст Витальевич,M,2007-05-29,Челябинск,Retail,2023-07-25
318,Афиноген Вячеславович Селиверстов,M,1998-05-28,Казань,Business,2025-06-01
319,Феоктист Филатович Федосеев,M,1994-02-01,Казань,Retail,2023-01-05
320,Юлия Леонидовна Князева,F,1998-05-10,Новосибирск,Retail,2023-12-20
321,Быкова Ангелина Руслановна,F,1985-10-07,Москва,Retail,2022-05-23
322,Кир Антонович Казаков,M,1990-03-13,Челябинск,Retail,2024-12-22
323,Суворова Нонна Антоновна,F,1959-07-19,Казань,Retail,2023-11-30
324,Дмитриева Анжела Богдановна,F,1997-07-11,Москва,Retail,2025-03-08
325,Нестор Фомич Савин,M,1993-05-24,Москва,Premium,2022-11-19
326,Андроник Филимонович Буров,M,1994-07-29,Челябинск,Retail,2023-07-12
327,Лидия Юльевна Мухина,F,1989-10-16,Казань,Retail,2025-05-28
328,Семенов Радим Бориславович,M,1979-01-17,Челябинск,Retail,2024-11-15
329,г-н Селезнев Дементий Анатольевич,M,1972-07-13,Ростов-на-Дону,Premium,2023-08-04
330,Нинель Станиславовна Галкина,F,1997-03-03,Москва,Premium,2024-12-15
331,Давыдов Кондрат Терентьевич,M,1983-06-29,Москва,Business,2024-03-20
332,Эммануил Антипович Вишняков,M,1998-08-09,Екатеринбург,Retail,2023-02-23
333,Артемий Игнатович Белов,M,1993-08-23,Санкт-Петербург,Retail,2023-06-08
334,Кондратий Димитриевич Владимиров,M,2000-05-08,Новосибирск,Premium,2024-10-15
335,Эраст Вилорович Миронов,M,1961-03-21,Екатеринбург,Retail,2024-02-18
336,Вероника Макаровна Никифорова,F,2000-04-26,Москва,Retail,2022-05-28
337,Марфа Владимировна Кириллова,F,2003-11-29,Санкт-Петербург,Retail,2022-02-08
338,Ксения Федоровна Мельникова,F,1999-06-19,Челябинск,Retail,2025-03-25
339,Василиса Станиславовна Тарасова,F,1999-08-21,Москва,Retail,2023-08-16
340,Раиса Михайловна Соколова,F,1980-05-07,Ростов-на-Дону,Premium,2022-12-18
341,Селиверстова Екатерина Львовна,F,1988-10-06,Санкт-Петербург,Business,2025-11-13
342,Кудрявцева Виктория Анатольевна,F,1975-10-20,Ростов-на-Дону,Retail,2022-08-05
343,Антонина Сергеевна Мамонтова,F,1992-05-28,Казань,Retail,2024-12-09
344,Светлана Антоновна Нестерова,F,1978-08-04,Новосибирск,Retail,2023-03-30
345,Ян Васильевич Кириллов,M,1981-04-23,Уфа,Retail,2024-11-11
346,Королев Ярополк Владленович,M,2004-10-01,Новосибирск,Retail,2023-12-17
347,Тихонов Михаил Данилович,M,1985-11-25,Екатеринбург,Retail,2022-07-30
348,Прохор Даниилович Лукин,M,1971-12-13,Санкт-Петербург,Retail,2025-05-18
349,Корнилов Рюрик Георгиевич,M,1980-09-14,Ростов-на-Дону,Retail,2025-07-10
350,Ульяна Павловна Суворова,F,1974-11-06,Ростов-на-Дону,Business,2025-10-26
351,Прасковья Станиславовна Гаврилова,F,1966-09-13,Самара,Retail,2025-07-08
352,Эрнест Викентьевич Уваров,M,1972-09-07,Казань,Retail,2024-08-18
353,Трофимова Маргарита Тимуровна,F,1962-08-27,Уфа,Retail,2025-04-26
354,Софрон Валерьевич Бобров,M,1961-05-19,Москва,Retail,2023-09-28
355,Ким Филимонович Лихачев,M,1990-08-10,Санкт-Петербург,Premium,2024-01-26
356,Кудряшов Будимир Гурьевич,M,1986-05-16,Челябинск,Retail,2025-06-13
357,Алевтина Николаевна Зайцева,F,1982-08-26,Москва,Retail,2025-04-03
358,Жанна Натановна Федорова,F,1981-03-09,Нижний Новгород,Premium,2025-03-16
359,Филиппова Антонина Леоновна,F,1965-08-12,Москва,Retail,2024-10-23
360,Дмитриева Олимпиада Валентиновна,F,2007-04-25,Нижний Новгород,Premium,2022-07-31
361,Прохор Абрамович Лихачев,M,1961-01-24,Москва,Retail,2024-10-30
362,Рябов Геннадий Федосьевич,M,1963-03-29,Самара,Retail,2025-12-20
363,Изот Ефимьевич Ильин,M,1958-12-03,Казань,Retail,2024-01-16
364,Кабанова Юлия Робертовна,F,1959-12-13,Ростов-на-Дону,Premium,2024-04-17
365,Лихачев Сигизмунд Аверьянович,M,1998-09-05,Санкт-Петербург,Retail,2025-07-16
366,Жанна Вениаминовна Калинина,F,1984-11-18,Челябинск,Retail,2022-07-13
367,Казакова Жанна Филипповна,F,1984-01-08,Ростов-на-Дону,Premium,2023-06-01
368,Агафонов Борислав Иосипович,M,1960-04-12,Новосибирск,Retail,2023-11-14
369,София Сергеевна Устинова,F,1990-03-21,Челябинск,Business,2023-09-28
370,Никита Харитонович Соловьев,M,1998-12-06,Санкт-Петербург,Premium,2025-05-03
371,Давыдова Зоя Архиповна,F,1979-12-22,Нижний Новгород,Retail,2025-02-18
372,Мечислав Демидович Гурьев,M,2000-05-22,Уфа,Premium,2025-10-04
373,Фома Игнатьевич Кузьмин,M,1958-09-09,Уфа,Premium,2025-08-16
374,Ширяева Дарья Рубеновна,F,2002-12-29,Новосибирск,Retail,2022-02-07
375,Королев Всемил Арсенович,M,2004-05-26,Самара,Business,2023-12-01
376,Ратмир Алексеевич Анисимов,M,1969-05-23,Новосибирск,Business,2023-04-09
377,Медведев Андроник Жанович,M,1976-10-09,Санкт-Петербург,Premium,2023-08-29
378,Тихон Харламович Максимов,M,1958-03-02,Ростов-на-Дону,Retail,2025-09-17
379,Евграф Ермилович Ефимов,M,1958-12-05,Новосибирск,Retail,2025-05-08
380,Максимильян Егорович Ильин,M,1980-09-19,Новосибирск,Premium,2025-11-19
381,Власова Нинель Натановна,F,1978-09-29,Екатеринбург,Retail,2022-03-31
382,Полина Святославовна Фомина,F,1991-01-04,Самара,Retail,2025-06-04
383,Михайлов Парамон Артурович,M,1984-12-22,Самара,Retail,2024-12-29
384,Дмитрий Ерофеевич Марков,M,1962-08-28,Ростов-на-Дону,Premium,2024-01-24
385,Нестерова Кира Константиновна,F,1986-01-07,Челябинск,Premium,2024-08-03
386,Наталья Викторовна Пахомова,F,1985-11-18,Ростов-на-Дону,Premium,2022-11-28
387,Волков Милован Феодосьевич,M,1974-05-11,Самара,Retail,2023-05-28
388,Анастасия Анатольевна Агафонова,F,1999-01-21,Уфа,Business,2025-02-09
389,Копылов Гордей Аксёнович,M,1965-05-22,Новосибирск,Retail,2023-08-07
390,Нинель Антоновна Гусева,F,1960-04-01,Новосибирск,Business,2024-07-09
391,Юдина Майя Михайловна,F,1981-09-22,Екатеринбург,Business,2022-07-07
392,Александра Юльевна Степанова,F,2001-11-19,Челябинск,Business,2023-12-17
393,Фомин Мокей Феофанович,M,2007-08-08,Екатеринбург,Retail,2024-03-22
394,Кудрявцева Светлана Михайловна,F,1982-10-05,Москва,Retail,2022-06-17
395,Матвеева Зинаида Вадимовна,F,1957-06-09,Нижний Новгород,Premium,2022-07-22
396,Сигизмунд Ярославович Колесников,M,1993-11-23,Самара,Retail,2022-10-09
397,Носов Казимир Филатович,M,1970-04-11,Ростов-на-Дону,Retail,2025-12-15
398,тов. Шубин Селиверст Германович,M,1964-01-08,Екатеринбург,Retail,2022-06-12
399,Богданов Радислав Всеволодович,M,2004-03-20,Ростов-на-Дону,Business,2025-01-28
400,Беляева Лариса Макаровна,F,2003-12-16,Екатеринбург,Premium,2022-08-16
401,Потапова Кира Кузьминична,F,1966-05-23,Челябинск,Retail,2022-09-07
402,Дарья Михайловна Панфилова,F,1970-12-07,Самара,Retail,2022-05-09
403,Медведев Вышеслав Данилович,M,1989-04-16,Екатеринбург,Retail,2025-07-18
404,Жданов Филипп Исидорович,M,1987-06-25,Ростов-на-Дону,Retail,2023-08-20
405,Таисия Владимировна Костина,F,1961-07-16,Новосибирск,Retail,2023-05-08
406,Афанасьев Самуил Фадеевич,M,1983-07-15,Санкт-Петербург,Business,2024-12-08
407,Афанасий Валерьянович Лыткин,M,1977-03-31,Москва,Business,2024-03-10
408,Нонна Рубеновна Федосеева,F,1990-11-18,Москва,Retail,2024-02-04
409,Шашкова Таисия Эдуардовна,F,1968-01-21,Санкт-Петербург,Retail,2022-05-19
410,Василиса Оскаровна Овчинникова,F,1959-06-12,Уфа,Retail,2022-10-01
411,Регина Владиславовна Антонова,F,1966-11-17,Самара,Retail,2025-08-09
412,Колобова Елена Макаровна,F,1990-12-26,Новосибирск,Retail,2025-07-17
413,Богдан Димитриевич Лазарев,M,1998-11-21,Екатеринбург,Retail,2024-07-26
414,Кир Валерьянович Исаев,M,1976-04-12,Нижний Новгород,Business,2023-02-13
415,Анна Сергеевна Носкова,F,1967-02-24,Уфа,Retail,2024-11-21
416,Фаина Владиславовна Романова,F,2000-07-01,Екатеринбург,Retail,2023-06-03
417,Элеонора Львовна Одинцова,F,1994-01-10,Москва,Business,2024-01-02
418,Князева Алевтина Артемовна,F,1958-10-07,Нижний Новгород,Retail,2023-07-14
419,Ульяна Захаровна Кулагина,F,1970-01-07,Челябинск,Premium,2024-03-30
420,Наина Яковлевна Кабанова,F,1957-09-25,Самара,Retail,2023-01-18
421,София Кирилловна Носкова,F,1976-03-25,Санкт-Петербург,Retail,2024-11-29
422,Константинова Милица Кузьминична,F,1986-07-15,Новосибирск,Retail,2022-06-11
423,Семенова Галина Павловна,F,1983-12-16,Нижний Новгород,Retail,2023-10-20
424,Ершова Лукия Юльевна,F,1965-06-13,Челябинск,Retail,2023-09-20
425,Терентьев Лучезар Изотович,M,1982-10-22,Самара,Retail,2025-11-13
426,Фомин Софон Борисович,M,1977-05-22,Челябинск,Retail,2023-12-24
427,Ильина Ираида Петровна,F,1972-07-18,Москва,Business,2025-08-02
428,Васильев Корнил Теймуразович,M,1997-07-20,Нижний Новгород,Retail,2025-10-06
429,Силин Гордей Зиновьевич,M,1994-12-26,Ростов-на-Дону,Retail,2022-03-05
430,Евдокия Валериевна Чернова,F,1990-09-13,Екатеринбург,Retail,2022-03-13
431,Бобылева Ксения Святославовна,F,1957-04-02,Ростов-на-Дону,Retail,2024-01-12
432,Карпов Силантий Фокич,M,1972-01-21,Самара,Retail,2025-05-24
433,Казакова Алла Альбертовна,F,1974-10-27,Санкт-Петербург,Retail,2024-02-01
434,Рюрик Ермилович Беляков,M,1956-03-25,Нижний Новгород,Retail,2024-12-20
435,Нина Валентиновна Бобылева,F,1973-09-02,Москва,Business,2023-05-27
436,Олимпий Иосифович Соловьев,M,1982-12-07,Уфа,Retail,2024-10-19
437,Шилов Евлампий Иосипович,M,1993-04-27,Самара,Premium,2023-06-21
438,Блинов Силантий Филимонович,M,1993-02-02,Самара,Retail,2025-06-07
439,Ефремов Юлиан Валерианович,M,1964-06-05,Санкт-Петербург,Retail,2022-09-09
440,Марфа Максимовна Евсеева,F,1978-10-01,Самара,Business,2022-12-20
441,Михей Викторович Лазарев,M,1996-09-02,Нижний Новгород,Business,2025-10-28
442,Прасковья Аскольдовна Соловьева,F,1958-04-28,Уфа,Retail,2025-12-24
443,Миронова Олимпиада Семеновна,F,1986-10-09,Новосибирск,Business,2023-09-07
444,Рожкова Раиса Валентиновна,F,1977-12-28,Екатеринбург,Retail,2024-11-07
445,Лучезар Владиславович Карпов,M,1997-08-17,Москва,Premium,2023-04-30
446,Клавдия Эдуардовна Ширяева,F,1990-03-13,Самара,Retail,2025-02-08
447,Твердислав Эдгардович Рогов,M,1993-12-24,Санкт-Петербург,Business,2025-06-07
448,Авдеева Акулина Максимовна,F,1978-03-20,Самара,Business,2024-03-26
449,Наина Харитоновна Тимофеева,F,2005-01-12,Санкт-Петербург,Premium,2024-04-18
450,Александр Харламович Белоусов,M,2000-04-14,Самара,Retail,2023-10-12
451,Фаина Филипповна Данилова,F,2004-10-06,Новосибирск,Retail,2025-10-24
452,Архипов Данила Тарасович,M,1965-09-23,Москва,Retail,2022-09-22
453,Илья Александрович Дроздов,M,2003-05-06,Новосибирск,Retail,2024-11-27
454,Соколов Потап Жанович,M,1984-03-03,Екатеринбург,Business,2023-10-23
455,Пахомова Евфросиния Наумовна,F,1989-10-27,Санкт-Петербург,Business,2024-11-28
456,Олимпиада Аркадьевна Крюкова,F,1965-01-26,Уфа,Retail,2023-02-07
457,Тамара Леонидовна Нестерова,F,1988-03-23,Ростов-на-Дону,Retail,2022-09-14
458,Лонгин Всеволодович Рыбаков,M,1991-12-14,Ростов-на-Дону,Retail,2024-10-26
459,Казаков Капитон Харлампьевич,M,1968-10-03,Ростов-на-Дону,Premium,2022-12-17
460,Ирина Федоровна Петухова,F,1970-12-23,Москва,Retail,2025-02-28
461,Лаврентий Ермилович Крюков,M,1969-10-11,Ростов-на-Дону,Business,2022-04-04
462,Пелагея Кузьминична Архипова,F,1979-05-30,Ростов-на-Дону,Retail,2025-08-26
463,Ирина Ильинична Ильина,F,1994-09-12,Самара,Retail,2025-06-19
464,Марина Никифоровна Зыкова,F,1979-02-28,Самара,Business,2025-08-07
465,Галактион Ермолаевич Волков,M,1975-04-01,Самара,Retail,2025-11-03
466,Богдан Изотович Стрелков,M,1985-10-11,Самара,Retail,2025-11-11
467,Ольга Даниловна Медведева,F,1992-04-28,Нижний Новгород,Retail,2024-09-18
468,Шилов Ким Викентьевич,M,1963-02-08,Нижний Новгород,Business,2023-10-03
469,Феврония Егоровна Николаева,F,1959-02-16,Нижний Новгород,Retail,2024-03-27
470,Тарас Давидович Кабанов,M,1971-07-09,Санкт-Петербург,Retail,2023-10-16
471,Тихонова Лора Руслановна,F,1962-07-08,Санкт-Петербург,Retail,2024-07-09
472,Всеслав Абрамович Силин,M,1993-02-15,Ростов-на-Дону,Business,2023-08-18
473,Галина Наумовна Лапина,F,1988-01-17,Новосибирск,Business,2023-05-24
474,Медведева Ия Леонидовна,F,1975-02-05,Екатеринбург,Premium,2025-03-29
475,Бронислав Даниилович Лукин,M,2005-12-10,Самара,Business,2024-10-17
476,Александра Вячеславовна Аксенова,F,1967-08-21,Санкт-Петербург,Retail,2023-09-24
477,Александра Никифоровна Устинова,F,1989-05-20,Екатеринбург,Retail,2024-11-01
478,Дементьев Корнил Алексеевич,M,1956-04-21,Москва,Retail,2025-04-09
479,Елисеева Валентина Леоновна,F,1975-01-14,Самара,Retail,2024-10-10
480,Носкова София Станиславовна,F,1989-04-14,Санкт-Петербург,Retail,2025-01-04
481,Вера Сергеевна Абрамова,F,1974-03-29,Нижний Новгород,Business,2022-10-02
482,Макарова Лора Валериевна,F,2005-06-05,Москва,Retail,2024-01-20
483,Сидоров Дорофей Авдеевич,M,2005-10-19,Санкт-Петербург,Retail,2024-01-13
484,Анисимова Татьяна Георгиевна,F,1967-08-13,Уфа,Retail,2024-10-29
485,Милица Олеговна Копылова,F,1977-12-27,Санкт-Петербург,Premium,2025-06-30
486,Агафонов Валентин Гаврилович,M,1965-03-29,Нижний Новгород,Retail,2022-07-18
487,Колобова Зинаида Александровна,F,1973-06-02,Уфа,Retail,2022-10-23
488,Третьякова Ираида Леоновна,F,1976-03-21,Москва,Retail,2024-10-21
489,Филипп Августович Осипов,M,2000-02-27,Уфа,Premium,2023-11-14
490,Фролова Анастасия Васильевна,F,1987-05-06,Уфа,Retail,2022-11-02
491,Маслов Сила Ефстафьевич,M,2002-08-25,Нижний Новгород,Business,2023-11-03
492,Фомичев Лавр Исидорович,M,1997-07-01,Казань,Business,2024-03-15
493,Кондратьева Вера Романовна,F,1966-02-05,Уфа,Premium,2024-11-04
494,Кошелева Маргарита Николаевна,F,2003-06-10,Самара,Retail,2025-12-22
495,Савва Григорьевич Фадеев,M,1972-07-06,Санкт-Петербург,Retail,2024-01-25
496,Фёкла Артемовна Назарова,F,1986-01-27,Москва,Retail,2025-04-10
497,Майя Анатольевна Фомичева,F,1994-01-24,Ростов-на-Дону,Business,2023-06-28
498,Никонов Трофим Юльевич,M,1969-06-06,Новосибирск,Retail,2022-04-16
499,Виктория Викторовна Большакова,F,1991-01-31,Екатеринбург,Premium,2022-10-30
500,Федосеев Елисей Эдгардович,M,1961-11-11,Санкт-Петербург,Business,2025-03-18
501,Прокофий Антонович Панов,M,1964-08-26,Челябинск,Retail,2022-02-08
502,Ратибор Антонович Шилов,M,1987-02-20,Челябинск,Premium,2024-04-25
503,Ксения Архиповна Афанасьева,F,1972-12-27,Уфа,Premium,2022-05-08
504,Ерофей Артёмович Соловьев,M,1984-07-04,Самара,Retail,2025-02-22
505,Голубева София Аркадьевна,F,1960-05-15,Самара,Business,2023-10-05
506,тов. Морозова Ия Наумовна,F,1967-12-03,Казань,Retail,2025-01-23
507,Наина Максимовна Рожкова,F,1981-09-13,Казань,Business,2023-01-29
508,Фомичева Марина Мироновна,F,1961-02-18,Казань,Business,2023-04-06
509,София Валентиновна Лапина,F,1979-05-04,Самара,Retail,2025-12-14
510,Белякова Марфа Станиславовна,F,1964-05-04,Казань,Retail,2024-09-09
511,Елена Александровна Симонова,F,1957-03-22,Уфа,Retail,2022-09-07
512,Октябрина Тимофеевна Родионова,F,1991-11-15,Новосибирск,Premium,2024-03-19
513,Данилова Зинаида Робертовна,F,1979-03-25,Санкт-Петербург,Retail,2022-03-28
514,Пономарева Валерия Антоновна,F,2000-08-07,Самара,Premium,2024-06-24
515,Комиссаров Аггей Демидович,M,1969-09-12,Казань,Premium,2023-02-18
516,Кириллова Александра Петровна,F,1996-05-09,Ростов-на-Дону,Retail,2022-10-09
517,Анисим Демьянович Гришин,M,1958-09-07,Уфа,Retail,2023-05-12
518,Жуков Тимур Григорьевич,M,2007-01-04,Санкт-Петербург,Retail,2025-07-30
519,Анастасия Валентиновна Овчинникова,F,1975-05-11,Санкт-Петербург,Premium,2023-11-08
520,Фомичев Фирс Жоресович,M,1994-12-21,Новосибирск,Business,2022-01-11
521,Лидия Егоровна Антонова,F,1965-06-03,Самара,Business,2025-08-30
522,г-жа Тихонова Клавдия Игоревна,F,1959-10-28,Казань,Retail,2025-08-25
523,Феврония Вячеславовна Исаева,F,2001-11-11,Санкт-Петербург,Retail,2023-08-08
524,Горшков Анисим Изотович,M,1999-06-14,Москва,Premium,2024-12-31
525,Станислав Жоресович Игнатов,M,1984-01-02,Новосибирск,Business,2024-05-05
526,Петухов Назар Гаврилович,M,2007-01-05,Новосибирск,Premium,2024-03-24
527,Жанна Дмитриевна Петухова,F,2003-10-28,Ростов-на-Дону,Retail,2022-03-18
528,Суворов Арефий Фадеевич,M,1984-01-07,Уфа,Retail,2023-11-18
529,Вера Натановна Николаева,F,1973-01-09,Самара,Business,2022-10-02
530,Юдина Анжелика Петровна,F,1980-12-04,Нижний Новгород,Premium,2023-01-30
531,Владимиров Евграф Антипович,M,1973-12-10,Новосибирск,Retail,2024-07-28
532,Елисеев Эраст Анатольевич,M,1960-08-17,Ростов-на-Дону,Premium,2023-11-22
533,Мишин Фрол Григорьевич,M,1988-04-18,Челябинск,Retail,2022-12-26
534,Бурова Лора Кузьминична,F,1956-09-19,Челябинск,Retail,2024-11-21
535,Пономарев Викторин Харлампович,M,1972-03-07,Самара,Business,2023-01-14
536,Евфросиния Никифоровна Фомичева,F,1971-12-17,Челябинск,Retail,2023-05-24
537,Кондрат Тарасович Абрамов,M,1991-12-27,Нижний Новгород,Premium,2024-07-03
538,Ксения Захаровна Денисова,F,1990-07-28,Москва,Premium,2025-04-07
539,Октябрина Болеславовна Брагина,F,2004-10-31,Екатеринбург,Retail,2025-08-31
540,Дьячков Лучезар Гертрудович,M,1980-11-24,Казань,Retail,2025-09-29
541,Соловьев Феоктист Гурьевич,M,2006-02-11,Казань,Premium,2024-04-10
542,Осипов Фадей Фёдорович,M,1975-10-06,Казань,Business,2025-08-01
543,Суханова Елизавета Мироновна,F,1994-06-13,Новосибирск,Retail,2025-06-12
544,Полина Тимуровна Лапина,F,2002-04-11,Ростов-на-Дону,Retail,2022-11-10
545,Фадеева Пелагея Рудольфовна,F,1987-01-12,Самара,Premium,2024-05-01
546,Евсеев Милован Власович,M,1965-03-13,Ростов-на-Дону,Premium,2023-05-22
547,Селиван Гаврилович Фомичев,M,1992-07-25,Нижний Новгород,Retail,2024-12-12
548,г-н Назаров Ананий Артемьевич,M,2001-02-22,Уфа,Retail,2025-03-01
549,Иванов Остромир Викентьевич,M,1998-08-05,Новосибирск,Retail,2025-03-18
550,Рогова Виктория Андреевна,F,1970-07-23,Екатеринбург,Retail,2024-12-01
551,Маргарита Аркадьевна Орехова,F,1999-01-26,Самара,Business,2022-07-06
552,Яков Харлампьевич Прохоров,M,1988-11-14,Челябинск,Retail,2024-07-17
553,Лукина Таисия Наумовна,F,1956-06-24,Самара,Retail,2025-02-28
554,Молчанова Ирина Тарасовна,F,1975-03-08,Москва,Retail,2022-02-14
555,Авдеев Петр Вячеславович,M,1962-12-15,Челябинск,Retail,2025-03-30
556,Светлана Владиславовна Журавлева,F,1968-09-25,Москва,Retail,2025-12-05
557,Ипполит Ильич Федотов,M,1982-09-06,Челябинск,Retail,2024-08-24
558,Кондратьев Онуфрий Фокич,M,1994-02-14,Челябинск,Premium,2022-10-05
559,Игнатова Елена Кузьминична,F,2002-03-22,Челябинск,Retail,2024-02-23
560,Анжелика Антоновна Тарасова,F,1983-04-03,Уфа,Premium,2022-06-14
561,Жданов Савелий Антонович,M,1999-01-02,Санкт-Петербург,Business,2025-08-31
562,Романов Борис Эдуардович,M,1985-03-14,Новосибирск,Retail,2025-01-05
563,Максимильян Богданович Самсонов,M,1991-08-13,Казань,Premium,2022-01-08
564,Елизавета Даниловна Мясникова,F,2002-10-13,Челябинск,Premium,2025-10-11
565,Олимпиада Ивановна Соловьева,F,1960-09-24,Нижний Новгород,Retail,2023-04-16
566,Климент Александрович Борисов,M,1977-01-27,Санкт-Петербург,Retail,2023-07-19
567,Никитин Фрол Викторович,M,2006-11-12,Москва,Retail,2025-09-14
568,Никон Артемьевич Петухов,M,1966-09-23,Ростов-на-Дону,Retail,2023-02-27
569,Ферапонт Терентьевич Ларионов,M,1992-06-16,Москва,Retail,2024-07-03
570,Симонов Вышеслав Артурович,M,1989-10-02,Екатеринбург,Retail,2022-04-01
571,Милан Антипович Комаров,M,1985-06-01,Казань,Retail,2022-04-26
572,Воробьев Матвей Тихонович,M,1977-11-19,Ростов-на-Дону,Retail,2025-03-25
573,Дорофеева Нонна Рудольфовна,F,1971-03-14,Новосибирск,Retail,2023-05-01
574,Субботин Назар Феликсович,M,1968-04-24,Москва,Retail,2024-04-26
575,Натан Архипович Мамонтов,M,1997-10-08,Уфа,Premium,2025-07-06
576,Крылова Анжела Артемовна,F,1973-11-28,Челябинск,Business,2022-04-07
577,Кулакова Виктория Натановна,F,1977-03-23,Новосибирск,Retail,2025-11-27
578,Тарасова Агата Константиновна,F,1985-12-08,Уфа,Retail,2024-02-10
579,Дорофеева Валентина Владимировна,F,1961-08-12,Казань,Premium,2023-05-09
580,Третьяков Федосий Якубович,M,1983-06-10,Уфа,Business,2024-08-06
581,Беляева Людмила Тимуровна,F,1962-01-03,Новосибирск,Retail,2024-05-03
582,Лидия Натановна Попова,F,1975-07-14,Нижний Новгород,Retail,2023-05-13
583,Гуляев Борислав Демьянович,M,1994-08-06,Санкт-Петербург,Premium,2024-07-10
584,Натан Власович Кудрявцев,M,1973-12-22,Ростов-на-Дону,Retail,2022-04-16
585,Горшков Галактион Арсенович,M,1967-01-19,Ростов-на-Дону,Retail,2022-05-30
586,Гаврилов Ладимир Харлампьевич,M,1960-11-27,Нижний Новгород,Retail,2024-09-08
587,Фокина Зинаида Святославовна,F,1996-01-31,Екатеринбург,Retail,2022-02-01
588,Ратмир Борисович Кузьмин,M,1976-05-28,Ростов-на-Дону,Business,2024-09-07
589,Афанасьев Мариан Тарасович,M,1978-02-05,Уфа,Business,2024-03-23
590,Горбунова Фёкла Валентиновна,F,1976-02-13,Уфа,Retail,2023-08-03
591,Блохина Евпраксия Романовна,F,1977-01-20,Уфа,Retail,2023-09-24
592,Афанасьева Лариса Кирилловна,F,2005-09-06,Самара,Retail,2024-08-12
593,Пелагея Филипповна Шарова,F,1972-03-03,Челябинск,Retail,2023-02-21
594,Матвеев Никодим Иосифович,M,1963-06-04,Новосибирск,Business,2025-02-26
595,Евстигней Гавриилович Федосеев,M,1993-02-08,Ростов-на-Дону,Retail,2023-06-19
596,Артемьева Октябрина Григорьевна,F,1985-07-05,Нижний Новгород,Retail,2023-08-28
597,Архип Устинович Муравьев,M,1989-08-26,Екатеринбург,Retail,2024-02-17
598,Антонова Жанна Ждановна,F,2000-06-30,Нижний Новгород,Premium,2025-02-01
599,Родионова Марина Анатольевна,F,1986-03-26,Самара,Business,2024-09-27
600,тов. Логинова Милица Тарасовна,F,1990-02-23,Нижний Новгород,Premium,2022-12-11
601,Панкрат Алексеевич Вишняков,M,1980-02-21,Самара,Premium,2022-10-14
602,Терентий Архипович Киселев,M,1972-07-25,Москва,Business,2025-01-15
603,Мина Владленович Юдин,M,1997-05-14,Москва,Business,2022-06-02
604,Юдин Нифонт Игнатович,M,1984-12-19,Екатеринбург,Retail,2024-04-24
605,Комаров Исидор Гурьевич,M,1990-06-04,Екатеринбург,Retail,2025-12-19
606,Тамара Харитоновна Пахомова,F,1994-10-26,Ростов-на-Дону,Retail,2024-02-04
607,Давыдова Марфа Рубеновна,F,2001-12-01,Москва,Retail,2025-09-12
608,Прасковья Владиславовна Коновалова,F,1957-05-06,Казань,Retail,2022-01-25
609,Анисимова Наина Артемовна,F,1963-07-28,Челябинск,Retail,2022-02-05
610,Вячеслав Иларионович Никифоров,M,1979-01-07,Уфа,Business,2022-08-08
611,Ершов Спиридон Харлампьевич,M,1979-05-18,Уфа,Retail,2023-05-09
612,Быкова Нонна Кузьминична,F,1960-03-30,Челябинск,Retail,2023-12-27
613,Корнилов Викентий Адамович,M,1979-01-08,Самара,Business,2024-02-04
614,Григорий Демьянович Михеев,M,1967-07-19,Санкт-Петербург,Retail,2025-11-28
615,Максимильян Федотович Кондратьев,M,1987-02-12,Челябинск,Retail,2022-07-11
616,Маслова Евгения Геннадиевна,F,1999-04-05,Новосибирск,Retail,2022-04-25
617,Николай Аксёнович Зиновьев,M,1997-06-18,Нижний Новгород,Premium,2024-10-20
618,Радим Федотович Колесников,M,1955-12-23,Екатеринбург,Business,2024-12-17
619,Елисей Елисеевич Ситников,M,2003-07-26,Самара,Business,2025-11-18
620,Ангелина Филипповна Орлова,F,1992-03-17,Казань,Business,2022-04-06
621,Большаков Евсей Фокич,M,1963-06-06,Нижний Новгород,Business,2023-01-03
622,Самойлов Селиван Жанович,M,1996-04-18,Челябинск,Retail,2023-03-01
623,Карпов Фрол Валентинович,M,1979-05-08,Екатеринбург,Retail,2023-09-05
624,Рыбакова Юлия Вячеславовна,F,2001-07-06,Нижний Новгород,Business,2025-10-18
625,Клавдия Юрьевна Капустина,F,1961-06-10,Санкт-Петербург,Premium,2022-10-14
626,Лариса Васильевна Журавлева,F,1976-06-15,Екатеринбург,Retail,2022-04-20
627,Давыдов Вячеслав Яковлевич,M,1982-02-09,Ростов-на-Дону,Retail,2023-11-29
628,Кудрявцева Ульяна Натановна,F,1984-06-17,Казань,Retail,2023-10-31
629,Калашникова Синклитикия Вячеславовна,F,1993-06-08,Уфа,Retail,2024-10-01
630,Дмитриева Вера Геннадиевна,F,1977-01-29,Ростов-на-Дону,Retail,2024-06-03
631,Юлия Альбертовна Князева,F,1980-02-08,Казань,Premium,2022-06-25
632,Святослав Венедиктович Григорьев,M,1981-10-19,Казань,Retail,2025-12-31
633,Силантий Эдгарович Исаков,M,2002-04-08,Новосибирск,Premium,2024-02-18
634,Нинель Рудольфовна Сергеева,F,1961-04-19,Санкт-Петербург,Retail,2023-10-11
635,Ефим Ермолаевич Морозов,M,1974-05-18,Казань,Retail,2023-09-24
636,Дмитриев Давыд Фокич,M,1994-03-02,Челябинск,Retail,2022-09-29
637,Полина Тимуровна Панфилова,F,1963-05-18,Челябинск,Retail,2025-02-14
638,Карп Иосифович Потапов,M,2007-03-05,Уфа,Retail,2022-02-23
639,Молчанов Потап Григорьевич,M,1984-08-09,Нижний Новгород,Retail,2025-05-07
640,Никонова Зинаида Кузьминична,F,1957-11-13,Челябинск,Retail,2022-01-26
641,Шестаков Боян Феоктистович,M,1963-08-30,Екатеринбург,Business,2025-02-19
642,Изот Глебович Корнилов,M,2005-11-13,Новосибирск,Retail,2025-11-04
643,Любовь Юрьевна Евдокимова,F,1984-10-23,Новосибирск,Retail,2023-09-09
644,Кудрявцев Елисей Гертрудович,M,1959-09-18,Челябинск,Retail,2022-12-09
645,Синклитикия Игоревна Кириллова,F,1992-05-03,Нижний Новгород,Premium,2024-09-18
646,Крюкова Кира Кирилловна,F,1994-08-25,Самара,Premium,2023-05-21
647,Гордеев Софон Богданович,M,1964-11-25,Казань,Retail,2024-07-26
648,Остап Ануфриевич Егоров,M,2000-04-22,Ростов-на-Дону,Retail,2024-03-21
649,Князева Василиса Ефимовна,F,1965-08-16,Челябинск,Retail,2023-11-06
650,Иосиф Тимурович Емельянов,M,1965-05-07,Екатеринбург,Retail,2023-09-08
651,Ираида Николаевна Мельникова,F,1986-06-07,Челябинск,Retail,2023-10-06
652,Евсеева Анна Ниловна,F,1990-10-05,Самара,Premium,2023-08-20
653,Модест Филиппович Селиверстов,M,1988-11-19,Челябинск,Retail,2023-10-30
654,Смирнова Анна Робертовна,F,1998-11-16,Екатеринбург,Business,2022-08-22
655,Мирон Арсенович Евсеев,M,1992-01-16,Москва,Premium,2025-10-28
656,Меркушева Наталья Даниловна,F,1989-05-04,Казань,Retail,2025-12-21
657,Никонов Кондратий Игоревич,M,1992-12-01,Новосибирск,Premium,2024-04-17
658,Татьяна Рудольфовна Устинова,F,1979-01-24,Новосибирск,Retail,2023-05-11
659,Алла Аскольдовна Комарова,F,1998-04-14,Ростов-на-Дону,Retail,2024-02-12
660,Оксана Архиповна Ильина,F,1966-06-04,Уфа,Retail,2025-04-07
661,Смирнова Наталья Геннадьевна,F,2002-07-14,Нижний Новгород,Retail,2025-01-18
662,Ладислав Владиленович Уваров,M,1974-04-27,Нижний Новгород,Premium,2022-08-12
663,Денисов Ипатий Архипович,M,1980-12-23,Ростов-на-Дону,Retail,2025-08-18
664,Глафира Альбертовна Афанасьева,F,1998-03-31,Челябинск,Business,2023-11-11
665,Филатов Игорь Федотович,M,2000-04-12,Екатеринбург,Retail,2022-01-22
666,Белов Август Гордеевич,M,1988-02-14,Самара,Retail,2024-07-01
667,Капустин Зиновий Ярославович,M,2001-12-12,Самара,Business,2023-12-08
668,Кузнецов Мефодий Валерианович,M,1984-05-30,Санкт-Петербург,Retail,2023-08-29
669,Самсон Артёмович Данилов,M,1981-09-28,Нижний Новгород,Retail,2022-10-18
670,Константинова Валентина Борисовна,F,1976-12-30,Нижний Новгород,Retail,2023-02-28
671,Петухова Вера Мироновна,F,2006-12-04,Самара,Retail,2022-07-19
672,Вероника Афанасьевна Лобанова,F,1994-01-02,Санкт-Петербург,Retail,2022-05-18
673,Кулагин Григорий Феоктистович,M,1979-07-28,Новосибирск,Retail,2023-12-04
674,Георгий Фадеевич Горбачев,M,2002-05-24,Новосибирск,Retail,2024-11-22
675,Рябова Анна Болеславовна,F,1965-03-15,Самара,Retail,2025-02-20
676,Харитон Теймуразович Шестаков,M,1984-11-22,Новосибирск,Retail,2024-04-09
677,Кудрявцева Зинаида Игоревна,F,1999-07-17,Ростов-на-Дону,Retail,2024-03-21
678,Жданов Эмиль Еремеевич,M,2002-08-29,Челябинск,Retail,2024-07-09
679,Сазонов Ладислав Гертрудович,M,1990-11-27,Казань,Retail,2025-12-14
680,Евгений Тимурович Анисимов,M,1999-08-24,Уфа,Retail,2025-03-28
681,Самсонов Изяслав Эдгарович,M,1981-12-07,Самара,Retail,2024-01-20
682,Чернов Чеслав Артёмович,M,1991-08-16,Самара,Premium,2023-06-22
683,Агафья Михайловна Колобова,F,1977-03-17,Челябинск,Retail,2025-05-07
684,Самойлов Филарет Федосеевич,M,1980-07-16,Самара,Retail,2023-12-14
685,Дементий Харитонович Пестов,M,1960-08-22,Казань,Premium,2025-10-11
686,Виноградов Агафон Евсеевич,M,1970-05-10,Санкт-Петербург,Retail,2025-10-08
687,Семенов Никон Юльевич,M,1975-03-03,Нижний Новгород,Retail,2023-09-18
688,Сидор Фёдорович Родионов,M,2003-06-07,Ростов-на-Дону,Retail,2024-11-12
689,Кабанов Терентий Витальевич,M,1974-07-22,Новосибирск,Retail,2025-03-23
690,Федорова Раиса Григорьевна,F,1966-03-31,Новосибирск,Retail,2025-07-25
691,Никифор Арсенович Никифоров,M,2003-03-21,Новосибирск,Retail,2024-09-29
692,Пестова Жанна Аркадьевна,F,1972-04-23,Нижний Новгород,Retail,2024-07-12
693,Кудряшов Виктор Филиппович,M,1997-05-04,Челябинск,Retail,2024-09-19
694,Ксения Вячеславовна Ковалева,F,1956-07-14,Челябинск,Premium,2024-04-17
695,Агафья Валериевна Чернова,F,1979-04-08,Ростов-на-Дону,Retail,2024-09-27
696,Исидор Владленович Давыдов,M,1964-04-23,Казань,Retail,2023-03-28
697,Карп Валерианович Мамонтов,M,1957-09-02,Самара,Retail,2025-01-06
698,Котова Ираида Станиславовна,F,1960-01-08,Ростов-на-Дону,Retail,2025-01-30
699,Туров Флорентин Артемьевич,M,1989-06-08,Нижний Новгород,Premium,2023-07-03
700,Денисов Аполлон Эдуардович,M,1994-04-02,Челябинск,Retail,2024-06-22
701,Яковлев Ираклий Бориславович,M,1994-09-23,Казань,Premium,2025-08-31
702,Виктор Давыдович Гришин,M,1990-04-19,Санкт-Петербург,Retail,2024-07-10
703,Гордеева Агафья Ефимовна,F,1958-10-20,Екатеринбург,Premium,2022-08-29
704,Блинов Геннадий Вячеславович,M,1958-01-29,Ростов-на-Дону,Premium,2025-04-19
705,Наина Дмитриевна Маркова,F,1972-07-26,Екатеринбург,Retail,2022-12-06
706,Молчанов Лучезар Егорович,M,1960-12-21,Уфа,Retail,2022-05-02
707,Варвара Сергеевна Муравьева,F,1959-04-05,Нижний Новгород,Retail,2025-05-07
708,Брагина Регина Аскольдовна,F,1982-12-16,Уфа,Retail,2023-08-16
709,Абрамов Кондрат Ефстафьевич,M,1977-12-12,Челябинск,Business,2022-10-05
710,Панов Авксентий Исидорович,M,1969-04-30,Новосибирск,Business,2023-07-22
711,Шаров Лазарь Демьянович,M,1987-03-30,Нижний Новгород,Retail,2023-05-27
712,Лыткин Семен Герасимович,M,2005-07-08,Новосибирск,Retail,2025-10-16
713,Зинаида Владиславовна Иванова,F,1983-07-30,Самара,Retail,2025-07-09
714,Потапов Милан Августович,M,1978-06-21,Санкт-Петербург,Premium,2025-07-21
715,Прохорова Марина Константиновна,F,1962-09-30,Нижний Новгород,Premium,2024-11-21
716,Фролова Наина Рудольфовна,F,1959-10-01,Москва,Retail,2024-09-26
717,Вячеслав Елисеевич Тарасов,M,1958-08-30,Нижний Новгород,Retail,2024-07-27
718,Спиридон Фадеевич Филатов,M,1981-01-08,Челябинск,Retail,2024-12-30
719,Дементьев Борислав Богданович,M,1990-01-25,Казань,Retail,2024-10-10
720,Зыкова Марфа Анатольевна,F,1995-12-14,Ростов-на-Дону,Retail,2025-01-25
721,Нина Владимировна Фролова,F,1975-07-10,Москва,Business,2023-12-05
722,Веселов Никодим Зиновьевич,M,1977-04-26,Самара,Retail,2022-07-23
723,Жуков Афиноген Германович,M,1964-12-08,Новосибирск,Business,2022-09-12
724,Фаина Борисовна Степанова,F,1962-11-12,Челябинск,Retail,2024-07-23
725,Абрамов Лонгин Устинович,M,1963-11-21,Казань,Business,2025-11-11
726,Емельян Филимонович Тимофеев,M,1987-03-16,Нижний Новгород,Retail,2023-07-16
727,Ковалева Анна Валериевна,F,2002-05-11,Новосибирск,Retail,2022-06-18
728,Крюков Эраст Анатольевич,M,1970-04-22,Екатеринбург,Retail,2024-03-22
729,Лидия Вениаминовна Тарасова,F,2004-01-25,Санкт-Петербург,Retail,2025-09-04
730,Ефимов Николай Якубович,M,1959-01-02,Новосибирск,Retail,2023-03-14
731,Казимир Всеволодович Новиков,M,1983-03-12,Москва,Premium,2024-11-29
732,Федор Денисович Белов,M,1987-02-12,Санкт-Петербург,Retail,2025-11-25
733,Евсеева Вера Васильевна,F,1956-06-27,Санкт-Петербург,Retail,2025-11-22
734,Гуляев Ефрем Васильевич,M,1969-02-26,Санкт-Петербург,Retail,2024-02-24
735,Мокей Архипович Логинов,M,1995-07-24,Казань,Retail,2023-10-04
736,Авдеев Афиноген Адамович,M,1960-01-23,Новосибирск,Premium,2024-02-23
737,Юдин Прокл Валерьянович,M,1961-12-07,Москва,Retail,2022-05-21
738,Максимильян Валерьевич Волков,M,1987-01-17,Екатеринбург,Retail,2024-06-20
739,Стрелков Филипп Феликсович,M,2004-12-20,Самара,Retail,2024-04-23
740,Новиков Наум Федотович,M,1967-06-08,Новосибирск,Business,2022-06-27
741,Буров Дорофей Елизарович,M,1974-09-19,Нижний Новгород,Premium,2025-04-22
742,Алексеева Александра Юрьевна,F,1997-10-22,Екатеринбург,Premium,2023-10-07
743,Кира Святославовна Тихонова,F,1993-02-23,Уфа,Retail,2025-08-13
744,Беляева Ирина Натановна,F,1965-01-05,Казань,Retail,2025-11-15
745,Носков Степан Денисович,M,1998-08-06,Екатеринбург,Retail,2024-11-26
746,г-жа Щербакова Людмила Романовна,F,1992-09-23,Екатеринбург,Retail,2023-08-29
747,Любовь Феликсовна Овчинникова,F,1977-07-23,Самара,Retail,2024-03-01
748,Королев Александр Жоресович,M,1996-04-22,Москва,Business,2024-12-17
749,Самсонова Ирина Аркадьевна,F,1987-10-09,Ростов-на-Дону,Retail,2023-10-11
750,Фаина Евгеньевна Турова,F,1966-07-15,Новосибирск,Retail,2024-01-19
751,Прохорова Жанна Ивановна,F,1991-12-28,Санкт-Петербург,Retail,2022-05-30
752,Аполлон Гурьевич Игнатьев,M,1982-02-08,Москва,Retail,2023-06-21
753,Дьячкова Дарья Вячеславовна,F,1971-10-09,Уфа,Retail,2024-11-03
754,Людмила Эдуардовна Новикова,F,2003-07-18,Санкт-Петербург,Premium,2024-05-17
755,Ферапонт Викторович Воронцов,M,1968-06-25,Санкт-Петербург,Retail,2023-07-23
756,Семен Ефстафьевич Захаров,M,1989-01-17,Челябинск,Retail,2022-11-15
757,Павлов Игорь Гурьевич,M,1957-01-11,Екатеринбург,Premium,2023-09-28
758,Август Игнатович Фомичев,M,1997-06-19,Челябинск,Retail,2023-05-16
759,Титов Матвей Вячеславович,M,1977-09-10,Москва,Retail,2024-07-17
760,Куликова Феврония Вениаминовна,F,1963-03-22,Новосибирск,Premium,2025-09-26
761,Михаил Артёмович Давыдов,M,2003-08-14,Москва,Premium,2022-01-26
762,Николай Бориславович Ширяев,M,1976-03-17,Уфа,Business,2024-10-13
763,Турова Галина Оскаровна,F,1999-03-06,Казань,Retail,2022-12-08
764,Лукьян Всеволодович Рогов,M,1993-12-01,Челябинск,Retail,2022-03-02
765,Эмилия Матвеевна Цветкова,F,2000-12-17,Ростов-на-Дону,Retail,2024-12-08
766,Демид Матвеевич Тимофеев,M,2005-08-15,Нижний Новгород,Retail,2024-10-13
767,Владимир Вячеславович Артемьев,M,1955-10-18,Новосибирск,Business,2024-10-20
768,Ульяна Никифоровна Якушева,F,1994-04-16,Санкт-Петербург,Retail,2022-11-19
769,Елисеев Лукьян Гурьевич,M,1999-03-15,Москва,Premium,2023-04-13
770,Сергей Викторович Суханов,M,2006-05-24,Самара,Retail,2022-01-26
771,Коновалова Лариса Викторовна,F,1998-12-19,Новосибирск,Business,2024-02-24
772,Бронислав Игнатьевич Третьяков,M,1956-06-13,Челябинск,Premium,2025-02-06
773,Крылов Артем Иларионович,M,1973-02-20,Нижний Новгород,Retail,2023-10-22
774,Агата Альбертовна Блинова,F,1985-06-30,Санкт-Петербург,Retail,2022-06-09
775,Гурий Фадеевич Горшков,M,1981-06-11,Уфа,Retail,2023-01-03
776,Мельников Варлаам Харлампович,M,1995-01-04,Самара,Retail,2024-04-01
777,Елена Валериевна Савельева,F,1960-09-09,Уфа,Retail,2023-09-29
778,Александра Кирилловна Лебедева,F,1977-05-12,Казань,Retail,2022-01-17
779,Орлова Анжела Львовна,F,1967-04-01,Нижний Новгород,Retail,2025-06-29
780,Галина Анатольевна Хохлова,F,1962-01-04,Уфа,Premium,2023-02-05
781,Горбачев Святополк Аксёнович,M,1985-01-09,Челябинск,Retail,2022-11-05
782,Григорий Феодосьевич Яковлев,M,1959-04-27,Москва,Retail,2023-04-23
783,Ершова Евдокия Наумовна,F,2003-02-12,Челябинск,Premium,2022-01-03
784,София Захаровна Нестерова,F,1974-10-31,Екатеринбург,Retail,2022-08-01
785,Белова Алла Никифоровна,F,1994-08-01,Новосибирск,Business,2024-10-04
786,Пелагея Владиславовна Зайцева,F,1980-03-24,Екатеринбург,Retail,2022-07-10
787,Беляева Кира Эльдаровна,F,1988-05-11,Самара,Business,2025-12-06
788,Козлов Елисей Власович,M,1999-02-07,Новосибирск,Retail,2025-04-04
789,Федорова Олимпиада Вадимовна,F,1976-08-28,Москва,Retail,2022-06-03
790,Олимпиада Рудольфовна Самсонова,F,2000-08-28,Екатеринбург,Business,2025-09-18
791,Носкова София Натановна,F,1968-04-03,Челябинск,Business,2023-06-19
792,Щербакова Маргарита Геннадиевна,F,1986-01-03,Екатеринбург,Retail,2023-10-14
793,Быков Рубен Евсеевич,M,1971-01-26,Ростов-на-Дону,Retail,2023-02-20
794,Феоктист Ануфриевич Алексеев,M,2006-11-11,Самара,Retail,2022-11-15
795,Антонина Артемовна Агафонова,F,1979-01-25,Уфа,Retail,2023-10-06
796,Надежда Эдуардовна Данилова,F,1993-05-06,Самара,Retail,2023-03-02
797,Колесникова Регина Николаевна,F,1992-02-12,Казань,Retail,2022-09-03
798,Савелий Данилович Мухин,M,1976-01-05,Нижний Новгород,Premium,2023-03-17
799,Лихачев Ананий Юлианович,M,1994-07-18,Нижний Новгород,Premium,2022-07-06
800,Ульяна Яковлевна Куликова,F,1963-11-10,Казань,Retail,2024-11-17
